trainNo,trainName,line,direction,station,stationOrder,time,platform,trainType,carCount,acLocal

94008,Virar-Churchgate,Western,Down,Virar,1,05:57,3,Fast,12,Yes,Weekday
94008,Virar-Churchgate,Western,Down,Nalasopara,2,06:03,2,Fast,12,Yes,Weekday
94008,Virar-Churchgate,Western,Down,Vasai Road,3,06:08,3,Fast,12,Yes,Weekday
94008,Virar-Churchgate,Western,Down,Naigaon,4,06:13,2,Fast,12,Yes,Weekday
94008,Virar-Churchgate,Western,Down,Bhayandar,5,06:19,4,Fast,12,Yes,Weekday
94008,Virar-Churchgate,Western,Down,Mira Road,6,06:24,2,Fast,12,Yes,Weekday
94008,Virar-Churchgate,Western,Down,Dahisar,7,06:29,2,Fast,12,Yes,Weekday
94008,Virar-Churchgate,Western,Down,Borivali,8,06:36,7,Fast,12,Yes,Weekday
94008,Virar-Churchgate,Western,Down,Andheri,9,06:50,7,Fast,12,Yes,Weekday
94008,Virar-Churchgate,Western,Down,Bandra,10,06:59,5,Fast,12,Yes,Weekday
94008,Virar-Churchgate,Western,Down,Dadar,11,07:04,4,Fast,12,Yes,Weekday
94008,Virar-Churchgate,Western,Down,Mumbai Central,12,07:11,4,Fast,12,Yes,Weekday
94008,Virar-Churchgate,Western,Down,Grant Road,13,07:13,4,Fast,12,Yes,Weekday
94008,Virar-Churchgate,Western,Down,Charni Road,14,07:15,4,Fast,12,Yes,Weekday
94008,Virar-Churchgate,Western,Down,Marine Lines,15,07:18,4,Fast,12,Yes,Weekday
94008,Virar-Churchgate,Western,Down,Churchgate,16,07:22,2,Fast,12,Yes,Weekday

92018,Virar-Andheri,Western,Down,Virar,1,06:05,6,Fast,15,No,Weekday
92018,Virar-Andheri,Western,Down,Nalasopara,2,06:12,4,Fast,15,No,Weekday
92018,Virar-Andheri,Western,Down,Vasai,3,06:17,5,Fast,15,No,Weekday
92018,Virar-Andheri,Western,Down,Bhayandar,4,06:25,6,Fast,15,No,Weekday
92018,Virar-Andheri,Western,Down,Borivali,5,06:35,8,Fast,15,No,Weekday
92018,Virar-Andheri,Western,Down,Andheri,6,06:52,9,Fast,15,No,Weekday

90122,Virar-Churchgate,Western,Down,Virar,1,06:11,1,Fast,12,No,Weekday
90122,Virar-Churchgate,Western,Down,Nalasopara,2,06:17,2,Fast,12,No,Weekday
90122,Virar-Churchgate,Western,Down,Vasai,3,06:22,4,Fast,12,No,Weekday
90122,Virar-Churchgate,Western,Down,Naigaon,4,06:26,2,Fast,12,No,Weekday
90122,Virar-Churchgate,Western,Down,Bhayandar,5,06:32,4,Fast,12,No,Weekday
90122,Virar-Churchgate,Western,Down,Mira Road,6,06:37,2,Fast,12,No,Weekday
90122,Virar-Churchgate,Western,Down,Dahisar,7,06:41,2,Fast,12,No,Weekday
90122,Virar-Churchgate,Western,Down,Borivali,8,06:46,7,Fast,12,No,Weekday
90122,Virar-Churchgate,Western,Down,Andheri,9,07:02,7,Fast,12,No,Weekday
90122,Virar-Churchgate,Western,Down,Bandra,10,07:12,5,Fast,12,No,Weekday
90122,Virar-Churchgate,Western,Down,Dadar,11,07:18,4,Fast,12,No,Weekday
90122,Virar-Churchgate,Western,Down,Mumbai Central,12,07:25,4,Fast,12,No,Weekday
90122,Virar-Churchgate,Western,Down,Grant Road,13,07:27,4,Fast,12,No,Weekday
90122,Virar-Churchgate,Western,Down,Charni Road,14,07:29,4,Fast,12,No,Weekday
90122,Virar-Churchgate,Western,Down,Marine Lines,15,07:32,4,Fast,12,No,Weekday
90122,Virar-Churchgate,Western,Down,Churchgate,16,07:36,1,Fast,12,No,Weekday

92020,Virar-Borivali,Western,Down,Virar,1,06:21,2,Slow,15,No,Weekday
92020,Virar-Borivali,Western,Down,Nalasopara,2,06:27,2,Slow,15,No,Weekday
92020,Virar-Borivali,Western,Down,Vasai Road,3,06:32,3,Slow,15,No,Weekday
92020,Virar-Borivali,Western,Down,Naigaon,4,06:36,2,Slow,15,No,Weekday
92020,Virar-Borivali,Western,Down,Bhayandar,5,06:42,4,Slow,15,No,Weekday
92020,Virar-Borivali,Western,Down,Mira Road,6,06:47,2,Slow,15,No,Weekday
92020,Virar-Borivali,Western,Down,Dahisar,7,06:51,2,Slow,15,No,Weekday
92020,Virar-Borivali,Western,Down,Borivali,8,06:57,3,Slow,15,No,Weekday

92024,Virar-Churchgate,Western,Down,Virar,1,06:30,1,Fast,15,No,Weekday
92024,Virar-Churchgate,Western,Down,Nalasopara,2,06:36,2,Fast,15,No,Weekday
92024,Virar-Churchgate,Western,Down,Vasai Road,3,06:41,3,Fast,15,No,Weekday
92024,Virar-Churchgate,Western,Down,Naigaon,4,06:46,2,Fast,15,No,Weekday
92024,Virar-Churchgate,Western,Down,Bhayandar,5,06:52,4,Fast,15,No,Weekday
92024,Virar-Churchgate,Western,Down,Mira Road,6,06:58,2,Fast,15,No,Weekday
92024,Virar-Churchgate,Western,Down,Dahisar,7,07:02,2,Fast,15,No,Weekday
92024,Virar-Churchgate,Western,Down,Borivali,8,07:07,7,Fast,15,No,Weekday
92024,Virar-Churchgate,Western,Down,Andheri,9,07:20,7,Fast,15,No,Weekday
92024,Virar-Churchgate,Western,Down,Bandra,10,07:30,5,Fast,15,No,Weekday
92024,Virar-Churchgate,Western,Down,Dadar,11,07:37,4,Fast,15,No,Weekday
92024,Virar-Churchgate,Western,Down,Mumbai Central,12,07:44,4,Fast,15,No,Weekday
92024,Virar-Churchgate,Western,Down,Churchgate,13,07:54,4,Fast,15,No,Weekday

90152,Virar-Churchgate,Western,Down,Virar,1,06:44,1,Slow,12,No,Weekday
90152,Virar-Churchgate,Western,Down,Nalasopara,2,06:50,2,Slow,12,No,Weekday
90152,Virar-Churchgate,Western,Down,Vasai,3,06:55,3,Slow,12,No,Weekday
90152,Virar-Churchgate,Western,Down,Naigaon,4,07:00,2,Slow,12,No,Weekday
90152,Virar-Churchgate,Western,Down,Bhayandar,5,07:06,4,Slow,12,No,Weekday
90152,Virar-Churchgate,Western,Down,Mira Road,6,07:11,2,Slow,12,No,Weekday
90152,Virar-Churchgate,Western,Down,Dahisar,7,07:15,2,Slow,12,No,Weekday
90152,Virar-Churchgate,Western,Down,Borivali,8,07:19,5,Slow,12,No,Weekday
90152,Virar-Churchgate,Western,Down,Kandivali,9,07:23,2,Slow,12,No,Weekday
90152,Virar-Churchgate,Western,Down,Malad,10,07:26,2,Slow,12,No,Weekday
90152,Virar-Churchgate,Western,Down,Goregaon,11,07:29,4,Slow,12,No,Weekday
90152,Virar-Churchgate,Western,Down,Ram Mandir,12,07:31,4,Slow,12,No,Weekday
90152,Virar-Churchgate,Western,Down,Jogeshwari,13,07:34,2,Slow,12,No,Weekday
90152,Virar-Churchgate,Western,Down,Andheri,14,07:39,5,Slow,12,No,Weekday
90152,Virar-Churchgate,Western,Down,Vile Parle,15,07:42,4,Slow,12,No,Weekday
90152,Virar-Churchgate,Western,Down,Santa Cruz,16,07:45,4,Slow,12,No,Weekday
90152,Virar-Churchgate,Western,Down,Khar Road,17,07:48,4,Slow,12,No,Weekday
90152,Virar-Churchgate,Western,Down,Bandra,18,07:52,3,Slow,12,No,Weekday
90152,Virar-Churchgate,Western,Down,Mahim Jn,19,07:55,2,Slow,12,No,Weekday
90152,Virar-Churchgate,Western,Down,Matunga Road,20,07:58,2,Slow,12,No,Weekday
90152,Virar-Churchgate,Western,Down,Dadar,21,08:02,2,Slow,12,No,Weekday
90152,Virar-Churchgate,Western,Down,Prabhadevi,22,08:04,2,Slow,12,No,Weekday
90152,Virar-Churchgate,Western,Down,Lower Parel,23,08:07,2,Slow,12,No,Weekday
90152,Virar-Churchgate,Western,Down,Mahalaxmi,24,08:10,3,Slow,12,No,Weekday
90152,Virar-Churchgate,Western,Down,Mumbai Central,25,08:13,2,Slow,12,No,Weekday
90152,Virar-Churchgate,Western,Down,Grant Road,26,08:15,2,Slow,12,No,Weekday
90152,Virar-Churchgate,Western,Down,Charni Road,27,08:17,2,Slow,12,No,Weekday
90152,Virar-Churchgate,Western,Down,Marine Lines,28,08:20,2,Slow,12,No,Weekday
90152,Virar-Churchgate,Western,Down,Churchgate,29,08:24,2,Slow,12,No,Weekday

90012,Nallasopara-Borivali,Western,Down,Nallasopara,1,03:40,2,Slow,12,No,Weekday
90012,Nallasopara-Borivali,Western,Down,Vasai Road,2,03:46,3,Slow,12,No,Weekday
90012,Nallasopara-Borivali,Western,Down,Naigaon,3,03:50,2,Slow,12,No,Weekday
90012,Nallasopara-Borivali,Western,Down,Bhayandar,4,03:56,4,Slow,12,No,Weekday
90012,Nallasopara-Borivali,Western,Down,Mira Road,5,04:01,2,Slow,12,No,Weekday
90012,Nallasopara-Borivali,Western,Down,Dahisar,6,04:05,2,Slow,12,No,Weekday
90012,Nallasopara-Borivali,Western,Down,Borivali,7,04:11,5,Slow,12,No,Weekday

94002,Nallasopara-Borivali,Western,Down,Nallasopara,1,04:00,2,Slow,12,Yes,Weekday
94002,Nallasopara-Borivali,Western,Down,Vasai Road,2,04:06,3,Slow,12,Yes,Weekday
94002,Nallasopara-Borivali,Western,Down,Naigaon,3,04:11,2,Slow,12,Yes,Weekday
94002,Nallasopara-Borivali,Western,Down,Bhayandar,4,04:16,4,Slow,12,Yes,Weekday
94002,Nallasopara-Borivali,Western,Down,Mira Road,5,04:21,2,Slow,12,Yes,Weekday
94002,Nallasopara-Borivali,Western,Down,Dahisar,6,04:25,2,Slow,12,Yes,Weekday
94002,Nallasopara-Borivali,Western,Down,Borivali,7,04:29,5,Slow,12,Yes,Weekday

92212,Nallasopara-Churchgate,Western,Down,Nallasopara,1,04:35,2,Fast,15,No,Weekday
92212,Nallasopara-Churchgate,Western,Down,Vasai Road,2,04:41,3,Fast,15,No,Weekday
92212,Nallasopara-Churchgate,Western,Down,Naigaon,3,04:45,2,Fast,15,No,Weekday
92212,Nallasopara-Churchgate,Western,Down,Bhayandar,4,04:51,4,Fast,15,No,Weekday
92212,Nallasopara-Churchgate,Western,Down,Mira Road,5,04:56,2,Fast,15,No,Weekday
92212,Nallasopara-Churchgate,Western,Down,Dahisar,6,05:00,2,Fast,15,No,Weekday
92212,Nallasopara-Churchgate,Western,Down,Borivali,7,05:05,7,Fast,15,No,Weekday
92212,Nallasopara-Churchgate,Western,Down,Andheri,8,05:18,7,Fast,15,No,Weekday
92212,Nallasopara-Churchgate,Western,Down,Bandra,9,05:27,5,Fast,15,No,Weekday
92212,Nallasopara-Churchgate,Western,Down,Dadar,10,05:33,4,Fast,15,No,Weekday
92212,Nallasopara-Churchgate,Western,Down,Mumbai Central,11,05:40,4,Fast,15,No,Weekday
92212,Nallasopara-Churchgate,Western,Down,Grant Road,12,05:43,4,Fast,15,No,Weekday
92212,Nallasopara-Churchgate,Western,Down,Charni Road,13,05:46,4,Fast,15,No,Weekday
92212,Nallasopara-Churchgate,Western,Down,Marine Lines,14,05:48,4,Fast,15,No,Weekday
92212,Nallasopara-Churchgate,Western,Down,Churchgate,15,05:55,0,Fast,15,No,Weekday

94006,Nallasopara-Churchgate,Western,Down,Nallasopara,1,04:50,2,Slow,12,Yes,Weekday
94006,Nallasopara-Churchgate,Western,Down,Vasai Road,2,04:55,3,Slow,12,Yes,Weekday
94006,Nallasopara-Churchgate,Western,Down,Naigaon,3,05:00,2,Slow,12,Yes,Weekday
94006,Nallasopara-Churchgate,Western,Down,Bhayandar,4,05:06,4,Slow,12,Yes,Weekday
94006,Nallasopara-Churchgate,Western,Down,Mira Road,5,05:11,2,Slow,12,Yes,Weekday
94006,Nallasopara-Churchgate,Western,Down,Dahisar,6,05:15,2,Slow,12,Yes,Weekday
94006,Nallasopara-Churchgate,Western,Down,Borivali,7,05:20,5,Slow,12,Yes,Weekday
94006,Nallasopara-Churchgate,Western,Down,Kandivali,8,05:25,2,Slow,12,Yes,Weekday
94006,Nallasopara-Churchgate,Western,Down,Malad,9,05:28,2,Slow,12,Yes,Weekday
94006,Nallasopara-Churchgate,Western,Down,Goregaon,10,05:31,4,Slow,12,Yes,Weekday
94006,Nallasopara-Churchgate,Western,Down,Ram Mandir,11,05:33,4,Slow,12,Yes,Weekday
94006,Nallasopara-Churchgate,Western,Down,Jogeshwari,12,05:36,2,Slow,12,Yes,Weekday
94006,Nallasopara-Churchgate,Western,Down,Andheri,13,05:41,5,Slow,12,Yes,Weekday
94006,Nallasopara-Churchgate,Western,Down,Vile Parle,14,05:44,4,Slow,12,Yes,Weekday
94006,Nallasopara-Churchgate,Western,Down,Santa Cruz,15,05:47,4,Slow,12,Yes,Weekday
94006,Nallasopara-Churchgate,Western,Down,Khar Road,16,05:50,4,Slow,12,Yes,Weekday
94006,Nallasopara-Churchgate,Western,Down,Bandra,17,05:54,3,Slow,12,Yes,Weekday
94006,Nallasopara-Churchgate,Western,Down,Mahim Jn,18,05:57,2,Slow,12,Yes,Weekday
94006,Nallasopara-Churchgate,Western,Down,Matunga Road,19,06:00,2,Slow,12,Yes,Weekday
94006,Nallasopara-Churchgate,Western,Down,Dadar,20,06:03,2,Slow,12,Yes,Weekday
94006,Nallasopara-Churchgate,Western,Down,Prabhadevi,21,06:06,2,Slow,12,Yes,Weekday
94006,Nallasopara-Churchgate,Western,Down,Lower Parel,22,06:09,2,Slow,12,Yes,Weekday
94006,Nallasopara-Churchgate,Western,Down,Mahalaxmi,23,06:12,3,Slow,12,Yes,Weekday
94006,Nallasopara-Churchgate,Western,Down,Mumbai Central,24,06:15,2,Slow,12,Yes,Weekday
94006,Nallasopara-Churchgate,Western,Down,Grant Road,25,06:17,2,Slow,12,Yes,Weekday
94006,Nallasopara-Churchgate,Western,Down,Charni Road,26,06:19,2,Slow,12,Yes,Weekday
94006,Nallasopara-Churchgate,Western,Down,Marine Lines,27,06:22,2,Slow,12,Yes,Weekday
94006,Nallasopara-Churchgate,Western,Down,Churchgate,28,06:29,0,Slow,12,Yes,Weekday

92006,Nallasopara-Andheri,Western,Down,Nallasopara,1,05:05,2,Slow,15,No,Weekday
92006,Nallasopara-Andheri,Western,Down,Vasai Road,2,05:11,3,Slow,15,No,Weekday
92006,Nallasopara-Andheri,Western,Down,Naigaon,3,05:16,2,Slow,15,No,Weekday
92006,Nallasopara-Andheri,Western,Down,Bhayandar,4,05:22,4,Slow,15,No,Weekday
92006,Nallasopara-Andheri,Western,Down,Mira Road,5,05:27,2,Slow,15,No,Weekday
92006,Nallasopara-Andheri,Western,Down,Dahisar,6,05:31,2,Slow,15,No,Weekday
92006,Nallasopara-Andheri,Western,Down,Borivali,7,05:36,5,Slow,15,No,Weekday
92006,Nallasopara-Andheri,Western,Down,Kandivali,8,05:41,2,Slow,15,No,Weekday
92006,Nallasopara-Andheri,Western,Down,Malad,9,05:44,2,Slow,15,No,Weekday
92006,Nallasopara-Andheri,Western,Down,Goregaon,10,05:47,4,Slow,15,No,Weekday
92006,Nallasopara-Andheri,Western,Down,Ram Mandir,11,05:49,4,Slow,15,No,Weekday
92006,Nallasopara-Andheri,Western,Down,Jogeshwari,12,05:52,2,Slow,15,No,Weekday
92006,Nallasopara-Andheri,Western,Down,Andheri,13,05:58,4,Slow,15,No,Weekday

92010,Nallasopara-Andheri,Western,Down,Nallasopara,1,05:24,2,Slow,15,No,Weekday
92010,Nallasopara-Andheri,Western,Down,Vasai Road,2,05:30,3,Slow,15,No,Weekday
92010,Nallasopara-Andheri,Western,Down,Naigaon,3,05:36,2,Slow,15,No,Weekday
92010,Nallasopara-Andheri,Western,Down,Bhayandar,4,05:42,4,Slow,15,No,Weekday
92010,Nallasopara-Andheri,Western,Down,Mira Road,5,05:47,2,Slow,15,No,Weekday
92010,Nallasopara-Andheri,Western,Down,Dahisar,6,05:52,2,Slow,15,No,Weekday
92010,Nallasopara-Andheri,Western,Down,Borivali,7,05:58,5,Slow,15,No,Weekday
92010,Nallasopara-Andheri,Western,Down,Kandivali,8,06:06,2,Slow,15,No,Weekday
92010,Nallasopara-Andheri,Western,Down,Malad,9,06:09,2,Slow,15,No,Weekday
92010,Nallasopara-Andheri,Western,Down,Goregaon,10,06:12,4,Slow,15,No,Weekday
92010,Nallasopara-Andheri,Western,Down,Ram Mandir,11,06:14,4,Slow,15,No,Weekday
92010,Nallasopara-Andheri,Western,Down,Jogeshwari,12,06:17,2,Slow,15,No,Weekday
92010,Nallasopara-Andheri,Western,Down,Andheri,13,06:23,4,Slow,15,No,Weekday

92022,Nallasopara-Andheri,Western,Down,Nallasopara,1,06:33,2,Slow,15,No,Weekday
92022,Nallasopara-Andheri,Western,Down,Vasai Road,2,06:39,3,Slow,15,No,Weekday
92022,Nallasopara-Andheri,Western,Down,Naigaon,3,06:43,2,Slow,15,No,Weekday
92022,Nallasopara-Andheri,Western,Down,Bhayandar,4,06:49,4,Slow,15,No,Weekday
92022,Nallasopara-Andheri,Western,Down,Mira Road,5,06:54,2,Slow,15,No,Weekday
92022,Nallasopara-Andheri,Western,Down,Dahisar,6,06:58,2,Slow,15,No,Weekday
92022,Nallasopara-Andheri,Western,Down,Borivali,7,07:03,5,Slow,15,No,Weekday
92022,Nallasopara-Andheri,Western,Down,Kandivali,8,07:08,2,Slow,15,No,Weekday
92022,Nallasopara-Andheri,Western,Down,Malad,9,07:11,2,Slow,15,No,Weekday
92022,Nallasopara-Andheri,Western,Down,Goregaon,10,07:15,4,Slow,15,No,Weekday
92022,Nallasopara-Andheri,Western,Down,Ram Mandir,11,07:17,4,Slow,15,No,Weekday
92022,Nallasopara-Andheri,Western,Down,Jogeshwari,12,07:20,2,Slow,15,No,Weekday
92022,Nallasopara-Andheri,Western,Down,Andheri,13,07:26,4,Slow,15,No,Weekday

90102,Vasai-Churchgate,Western,Down,Vasai,1,05:56,1,Fast,12,No,Weekday
90102,Vasai-Churchgate,Western,Down,Naigaon,2,06:02,2,Fast,12,No,Weekday
90102,Vasai-Churchgate,Western,Down,Bhayandar,3,06:07,4,Fast,12,No,Weekday
90102,Vasai-Churchgate,Western,Down,Mira Road,4,06:12,2,Fast,12,No,Weekday
90102,Vasai-Churchgate,Western,Down,Dahisar,5,06:16,2,Fast,12,No,Weekday
90102,Vasai-Churchgate,Western,Down,Borivali,6,06:22,7,Fast,12,No,Weekday
90102,Vasai-Churchgate,Western,Down,Andheri,7,06:34,7,Fast,12,No,Weekday
90102,Vasai-Churchgate,Western,Down,Bandra,8,06:43,5,Fast,12,No,Weekday
90102,Vasai-Churchgate,Western,Down,Dadar,9,06:49,4,Fast,12,No,Weekday
90102,Vasai-Churchgate,Western,Down,Mumbai Central,10,06:56,4,Fast,12,No,Weekday
90102,Vasai-Churchgate,Western,Down,Grant Road,11,06:58,4,Fast,12,No,Weekday
90102,Vasai-Churchgate,Western,Down,Charni Road,12,07:00,4,Fast,12,No,Weekday
90102,Vasai-Churchgate,Western,Down,Marine Lines,13,07:03,4,Fast,12,No,Weekday
90102,Vasai-Churchgate,Western,Down,Churchgate,14,07:08,4,Fast,12,No,Weekday

90146,Vasai-Churchgate,Western,Down,Vasai,1,06:43,1,Fast,12,No,Weekday
90146,Vasai-Churchgate,Western,Down,Naigaon,2,06:49,2,Fast,12,No,Weekday
90146,Vasai-Churchgate,Western,Down,Bhayandar,3,06:55,4,Fast,12,No,Weekday
90146,Vasai-Churchgate,Western,Down,Mira Road,4,07:01,2,Fast,12,No,Weekday
90146,Vasai-Churchgate,Western,Down,Dahisar,5,07:05,2,Fast,12,No,Weekday
90146,Vasai-Churchgate,Western,Down,Borivali,6,07:10,7,Fast,12,No,Weekday
90146,Vasai-Churchgate,Western,Down,Andheri,7,07:23,7,Fast,12,No,Weekday
90146,Vasai-Churchgate,Western,Down,Bandra,8,07:33,5,Fast,12,No,Weekday
90146,Vasai-Churchgate,Western,Down,Dadar,9,07:40,4,Fast,12,No,Weekday
90146,Vasai-Churchgate,Western,Down,Mumbai Central,10,07:47,4,Fast,12,No,Weekday
90146,Vasai-Churchgate,Western,Down,Grant Road,11,07:49,4,Fast,12,No,Weekday
90146,Vasai-Churchgate,Western,Down,Charni Road,12,07:51,4,Fast,12,No,Weekday
90146,Vasai-Churchgate,Western,Down,Marine Lines,13,07:54,4,Fast,12,No,Weekday
90146,Vasai-Churchgate,Western,Down,Churchgate,14,07:57,4,Fast,12,No,Weekday

90174,Vasai-Churchgate,Western,Down,Vasai,1,07:14,1,Fast,12,No,Weekday
90174,Vasai-Churchgate,Western,Down,Naigaon,2,07:20,2,Fast,12,No,Weekday
90174,Vasai-Churchgate,Western,Down,Bhayandar,3,07:26,4,Fast,12,No,Weekday
90174,Vasai-Churchgate,Western,Down,Mira Road,4,07:31,2,Fast,12,No,Weekday
90174,Vasai-Churchgate,Western,Down,Dahisar,5,07:35,2,Fast,12,No,Weekday
90174,Vasai-Churchgate,Western,Down,Borivali,6,07:40,7,Fast,12,No,Weekday
90174,Vasai-Churchgate,Western,Down,Andheri,7,07:54,7,Fast,12,No,Weekday
90174,Vasai-Churchgate,Western,Down,Bandra,8,08:03,5,Fast,12,No,Weekday
90174,Vasai-Churchgate,Western,Down,Dadar,9,08:09,4,Fast,12,No,Weekday
90174,Vasai-Churchgate,Western,Down,Mumbai Central,10,08:16,4,Fast,12,No,Weekday
90174,Vasai-Churchgate,Western,Down,Grant Road,11,08:18,4,Fast,12,No,Weekday
90174,Vasai-Churchgate,Western,Down,Charni Road,12,08:21,4,Fast,12,No,Weekday
90174,Vasai-Churchgate,Western,Down,Marine Lines,13,08:24,4,Fast,12,No,Weekday
90174,Vasai-Churchgate,Western,Down,Churchgate,14,08:29,4,Fast,12,No,Weekday

92034,Vasai-Andheri,Western,Down,Vasai,1,07:40,1,Fast,15,No,Weekday
92034,Vasai-Andheri,Western,Down,Naigaon,2,07:46,2,Fast,15,No,Weekday
92034,Vasai-Andheri,Western,Down,Bhayandar,3,07:51,4,Fast,15,No,Weekday
92034,Vasai-Andheri,Western,Down,Mira Road,4,07:56,2,Fast,15,No,Weekday
92034,Vasai-Andheri,Western,Down,Dahisar,5,08:01,2,Fast,15,No,Weekday
92034,Vasai-Andheri,Western,Down,Borivali,6,08:05,8,Fast,15,No,Weekday
92034,Vasai-Andheri,Western,Down,Andheri,7,08:23,8,Fast,15,No,Weekday

90242,Vasai-Churchgate,Western,Down,Vasai,1,08:14,1,Fast,12,No,Weekday
90242,Vasai-Churchgate,Western,Down,Naigaon,2,08:21,2,Fast,12,No,Weekday
90242,Vasai-Churchgate,Western,Down,Bhayandar,3,08:27,4,Fast,12,No,Weekday
90242,Vasai-Churchgate,Western,Down,Mira Road,4,08:33,2,Fast,12,No,Weekday
90242,Vasai-Churchgate,Western,Down,Dahisar,5,08:37,2,Fast,12,No,Weekday
90242,Vasai-Churchgate,Western,Down,Borivali,6,08:43,7,Fast,12,No,Weekday
90242,Vasai-Churchgate,Western,Down,Andheri,7,08:59,7,Fast,12,No,Weekday
90242,Vasai-Churchgate,Western,Down,Bandra,8,09:08,5,Fast,12,No,Weekday
90242,Vasai-Churchgate,Western,Down,Dadar,9,09:14,4,Fast,12,No,Weekday
90242,Vasai-Churchgate,Western,Down,Mumbai Central,10,09:21,4,Fast,12,No,Weekday
90242,Vasai-Churchgate,Western,Down,Grant Road,11,09:23,4,Fast,12,No,Weekday
90242,Vasai-Churchgate,Western,Down,Charni Road,12,09:25,4,Fast,12,No,Weekday
90242,Vasai-Churchgate,Western,Down,Marine Lines,13,09:28,4,Fast,12,No,Weekday
90242,Vasai-Churchgate,Western,Down,Churchgate,14,09:33,4,Fast,12,No,Weekday

90266,Vasai-Churchgate,Western,Down,Vasai,1,08:47,1,Fast,12,No,Weekday
90266,Vasai-Churchgate,Western,Down,Naigaon,2,08:53,2,Fast,12,No,Weekday
90266,Vasai-Churchgate,Western,Down,Bhayandar,3,08:59,4,Fast,12,No,Weekday
90266,Vasai-Churchgate,Western,Down,Mira Road,4,09:04,2,Fast,12,No,Weekday
90266,Vasai-Churchgate,Western,Down,Dahisar,5,09:08,2,Fast,12,No,Weekday
90266,Vasai-Churchgate,Western,Down,Borivali,6,09:13,7,Fast,12,No,Weekday
90266,Vasai-Churchgate,Western,Down,Andheri,7,09:29,7,Fast,12,No,Weekday
90266,Vasai-Churchgate,Western,Down,Bandra,8,09:40,5,Fast,12,No,Weekday
90266,Vasai-Churchgate,Western,Down,Dadar,9,09:45,4,Fast,12,No,Weekday
90266,Vasai-Churchgate,Western,Down,Mumbai Central,10,09:52,4,Fast,12,No,Weekday
90266,Vasai-Churchgate,Western,Down,Grant Road,11,09:54,4,Fast,12,No,Weekday
90266,Vasai-Churchgate,Western,Down,Charni Road,12,09:56,4,Fast,12,No,Weekday
90266,Vasai-Churchgate,Western,Down,Marine Lines,13,09:59,4,Fast,12,No,Weekday
90266,Vasai-Churchgate,Western,Down,Churchgate,14,10:03,4,Fast,12,No,Weekday

92054,Vasai-Andheri,Western,Down,Vasai,1,09:08,1,Slow,15,No,Weekday
92054,Vasai-Andheri,Western,Down,Naigaon,2,09:14,2,Slow,15,No,Weekday
92054,Vasai-Andheri,Western,Down,Bhayandar,3,09:20,4,Slow,15,No,Weekday
92054,Vasai-Andheri,Western,Down,Mira Road,4,09:25,2,Slow,15,No,Weekday
92054,Vasai-Andheri,Western,Down,Dahisar,5,09:29,2,Slow,15,No,Weekday
92054,Vasai-Andheri,Western,Down,Borivali,6,09:33,5,Slow,15,No,Weekday
92054,Vasai-Andheri,Western,Down,Kandivali,7,09:38,2,Slow,15,No,Weekday
92054,Vasai-Andheri,Western,Down,Malad,8,09:42,2,Slow,15,No,Weekday
92054,Vasai-Andheri,Western,Down,Goregaon,9,09:45,4,Slow,15,No,Weekday
92054,Vasai-Andheri,Western,Down,Ram Mandir,10,09:47,4,Slow,15,No,Weekday
92054,Vasai-Andheri,Western,Down,Jogeshwari,11,09:50,2,Slow,15,No,Weekday
92054,Vasai-Andheri,Western,Down,Andheri,12,09:56,4,Slow,15,No,Weekday

90350,Vasai-Churchgate,Western,Down,Vasai,1,10:02,1,Slow,12,No,Weekday
90350,Vasai-Churchgate,Western,Down,Naigaon,2,10:08,2,Slow,12,No,Weekday
90350,Vasai-Churchgate,Western,Down,Bhayandar,3,10:14,4,Slow,12,No,Weekday
90350,Vasai-Churchgate,Western,Down,Mira Road,4,10:20,2,Slow,12,No,Weekday
90350,Vasai-Churchgate,Western,Down,Dahisar,5,10:24,2,Slow,12,No,Weekday
90350,Vasai-Churchgate,Western,Down,Borivali,6,10:28,5,Slow,12,No,Weekday
90350,Vasai-Churchgate,Western,Down,Kandivali,7,10:32,2,Slow,12,No,Weekday
90350,Vasai-Churchgate,Western,Down,Malad,8,10:35,2,Slow,12,No,Weekday
90350,Vasai-Churchgate,Western,Down,Goregaon,9,10:38,4,Slow,12,No,Weekday
90350,Vasai-Churchgate,Western,Down,Ram Mandir,10,10:40,4,Slow,12,No,Weekday
90350,Vasai-Churchgate,Western,Down,Jogeshwari,11,10:43,2,Slow,12,No,Weekday
90350,Vasai-Churchgate,Western,Down,Andheri,12,10:48,5,Slow,12,No,Weekday
90350,Vasai-Churchgate,Western,Down,Vile Parle,13,10:53,4,Slow,12,No,Weekday
90350,Vasai-Churchgate,Western,Down,Santa Cruz,14,10:56,4,Slow,12,No,Weekday
90350,Vasai-Churchgate,Western,Down,Khar Road,15,10:59,4,Slow,12,No,Weekday
90350,Vasai-Churchgate,Western,Down,Bandra,16,11:03,3,Slow,12,No,Weekday
90350,Vasai-Churchgate,Western,Down,Mahim Jn,17,11:06,2,Slow,12,No,Weekday
90350,Vasai-Churchgate,Western,Down,Matunga Road,18,11:09,2,Slow,12,No,Weekday
90350,Vasai-Churchgate,Western,Down,Dadar,19,11:13,2,Slow,12,No,Weekday
90350,Vasai-Churchgate,Western,Down,Prabhadevi,20,11:15,2,Slow,12,No,Weekday
90350,Vasai-Churchgate,Western,Down,Lower Parel,21,11:18,2,Slow,12,No,Weekday
90350,Vasai-Churchgate,Western,Down,Mahalaxmi,22,11:21,3,Slow,12,No,Weekday
90350,Vasai-Churchgate,Western,Down,Mumbai Central,23,11:24,2,Slow,12,No,Weekday
90350,Vasai-Churchgate,Western,Down,Grant Road,24,11:26,2,Slow,12,No,Weekday
90350,Vasai-Churchgate,Western,Down,Charni Road,25,11:28,2,Slow,12,No,Weekday
90350,Vasai-Churchgate,Western,Down,Marine Lines,26,11:31,2,Slow,12,No,Weekday
90350,Vasai-Churchgate,Western,Down,Churchgate,27,11:36,2,Slow,12,No,Weekday

92082,Vasai-Andheri,Western,Down,Vasai,1,10:58,1,Slow,15,No,Weekday
92082,Vasai-Andheri,Western,Down,Naigaon,2,11:04,2,Slow,15,No,Weekday
92082,Vasai-Andheri,Western,Down,Bhayandar,3,11:10,4,Slow,15,No,Weekday
92082,Vasai-Andheri,Western,Down,Mira Road,4,11:15,2,Slow,15,No,Weekday
92082,Vasai-Andheri,Western,Down,Dahisar,5,11:20,2,Slow,15,No,Weekday
92082,Vasai-Andheri,Western,Down,Borivali,6,11:26,5,Slow,15,No,Weekday
92082,Vasai-Andheri,Western,Down,Kandivali,7,11:32,2,Slow,15,No,Weekday
92082,Vasai-Andheri,Western,Down,Malad,8,11:35,2,Slow,15,No,Weekday
92082,Vasai-Andheri,Western,Down,Goregaon,9,11:38,4,Slow,15,No,Weekday
92082,Vasai-Andheri,Western,Down,Ram Mandir,10,11:40,4,Slow,15,No,Weekday
92082,Vasai-Andheri,Western,Down,Jogeshwari,11,11:43,2,Slow,15,No,Weekday
92082,Vasai-Andheri,Western,Down,Andheri,12,11:49,4,Slow,15,No,Weekday

92100,Vasai-Dadar,Western,Down,Vasai,1,12:20,1,Fast,15,No,Weekday
92100,Vasai-Dadar,Western,Down,Naigaon,2,12:25,4,Fast,15,No,Weekday
92100,Vasai-Dadar,Western,Down,Bhayandar,3,12:31,6,Fast,15,No,Weekday
92100,Vasai-Dadar,Western,Down,Mira Road,4,12:36,4,Fast,15,No,Weekday
92100,Vasai-Dadar,Western,Down,Dahisar,5,12:40,4,Fast,15,No,Weekday
92100,Vasai-Dadar,Western,Down,Borivali,6,12:44,7,Fast,15,No,Weekday
92100,Vasai-Dadar,Western,Down,Andheri,7,12:57,7,Fast,15,No,Weekday
92100,Vasai-Dadar,Western,Down,Bandra,8,13:06,5,Fast,15,No,Weekday
92100,Vasai-Dadar,Western,Down,Dadar,9,13:16,5,Fast,15,No,Weekday

90189,Churchgate-Virar,Western,Up,Churchgate,1,07:20,2,Fast,12,No,Weekday
90189,Churchgate-Virar,Western,Up,Marine Lines,2,07:23,3,Fast,12,No,Weekday
90189,Churchgate-Virar,Western,Up,Charni Road,3,07:25,3,Fast,12,No,Weekday
90189,Churchgate-Virar,Western,Up,Grant Road,4,07:27,4,Fast,12,No,Weekday
90189,Churchgate-Virar,Western,Up,Mumbai Central,5,07:30,4,Fast,12,No,Weekday
90189,Churchgate-Virar,Western,Up,Dadar,6,07:36,5,Fast,12,No,Weekday
90189,Churchgate-Virar,Western,Up,Bandra,7,07:42,4,Fast,12,No,Weekday
90189,Churchgate-Virar,Western,Up,Andheri,8,07:50,6,Fast,12,No,Weekday
90189,Churchgate-Virar,Western,Up,Borivali,9,08:05,7,Fast,12,No,Weekday
90189,Churchgate-Virar,Western,Up,Dahisar,10,08:10,3,Fast,12,No,Weekday
90189,Churchgate-Virar,Western,Up,Mira Road,11,08:14,4,Fast,12,No,Weekday
90189,Churchgate-Virar,Western,Up,Bhayandar,12,08:19,4,Fast,12,No,Weekday
90189,Churchgate-Virar,Western,Up,Naigaon,13,08:23,2,Fast,12,No,Weekday
90189,Churchgate-Virar,Western,Up,Vasai,14,08:28,3,Fast,12,No,Weekday
90189,Churchgate-Virar,Western,Up,Nalasopara,15,08:33,2,Fast,12,No,Weekday
90189,Churchgate-Virar,Western,Up,Virar,16,08:38,4,Fast,12,No,Weekday

91005,Churchgate-Virar,Western,Up,Churchgate,1,11:05,3,Fast,12,No,Weekday
91005,Churchgate-Virar,Western,Up,Marine Lines,2,11:08,3,Fast,12,No,Weekday
91005,Churchgate-Virar,Western,Up,Charni Road,3,11:10,3,Fast,12,No,Weekday
91005,Churchgate-Virar,Western,Up,Grant Road,4,11:13,3,Fast,12,No,Weekday
91005,Churchgate-Virar,Western,Up,Mumbai Central,5,11:15,3,Fast,12,No,Weekday
91005,Churchgate-Virar,Western,Up,Dadar,6,11:23,3,Fast,12,No,Weekday
91005,Churchgate-Virar,Western,Up,Bandra,7,11:28,4,Fast,12,No,Weekday
91005,Churchgate-Virar,Western,Up,Andheri,8,11:37,6,Fast,12,No,Weekday
91005,Churchgate-Virar,Western,Up,Borivali,9,11:52,6,Fast,12,No,Weekday
91005,Churchgate-Virar,Western,Up,Dahisar,10,11:56,1,Fast,12,No,Weekday
91005,Churchgate-Virar,Western,Up,Mira Road,11,12:01,1,Fast,12,No,Weekday
91005,Churchgate-Virar,Western,Up,Bhayandar,12,12:06,1,Fast,12,No,Weekday
91005,Churchgate-Virar,Western,Up,Naigaon,13,12:12,1,Fast,12,No,Weekday
91005,Churchgate-Virar,Western,Up,Vasai,14,12:17,2,Fast,12,No,Weekday
91005,Churchgate-Virar,Western,Up,Nalasopara,15,12:22,1,Fast,12,No,Weekday
91005,Churchgate-Virar,Western,Up,Virar,16,12:29,3,Fast,12,No,Weekday

94067,Churchgate-Virar,Western,Up,Churchgate,1,04:39,3,Fast,12,Yes,Weekday
94067,Churchgate-Virar,Western,Up,Marine Lines,2,04:42,3,Fast,12,Yes,Weekday
94067,Churchgate-Virar,Western,Up,Charni Road,3,04:44,3,Fast,12,Yes,Weekday
94067,Churchgate-Virar,Western,Up,Grant Road,4,04:47,3,Fast,12,Yes,Weekday
94067,Churchgate-Virar,Western,Up,Mumbai Central,5,04:49,3,Fast,12,Yes,Weekday
94067,Churchgate-Virar,Western,Up,Dadar,6,04:56,3,Fast,12,Yes,Weekday
94067,Churchgate-Virar,Western,Up,Bandra,7,05:01,4,Fast,12,Yes,Weekday
94067,Churchgate-Virar,Western,Up,Andheri,8,05:10,6,Fast,12,Yes,Weekday
94067,Churchgate-Virar,Western,Up,Borivali,9,05:24,6,Fast,12,Yes,Weekday
94067,Churchgate-Virar,Western,Up,Dahisar,10,05:30,1,Fast,12,Yes,Weekday
94067,Churchgate-Virar,Western,Up,Mira Road,11,05:35,1,Fast,12,Yes,Weekday
94067,Churchgate-Virar,Western,Up,Bhayandar,12,05:40,1,Fast,12,Yes,Weekday
94067,Churchgate-Virar,Western,Up,Naigaon,13,05:46,1,Fast,12,Yes,Weekday
94067,Churchgate-Virar,Western,Up,Vasai,14,05:51,2,Fast,12,Yes,Weekday
94067,Churchgate-Virar,Western,Up,Nalasopara,15,05:56,1,Fast,12,Yes,Weekday
94067,Churchgate-Virar,Western,Up,Virar,16,06:04,3,Fast,12,Yes,Weekday

92133,Andheri-Virar,Western,Up,Andheri,1,16:10,4,Slow,15,No,Weekday
92133,Andheri-Virar,Western,Up,Jogeshwari,2,16:15,1,Slow,15,No,Weekday
92133,Andheri-Virar,Western,Up,Ram Mandir,3,16:18,3,Slow,15,No,Weekday
92133,Andheri-Virar,Western,Up,Goregaon,4,16:20,3,Slow,15,No,Weekday
92133,Andheri-Virar,Western,Up,Malad,5,16:24,1,Slow,15,No,Weekday
92133,Andheri-Virar,Western,Up,Kandivali,6,16:27,1,Slow,15,No,Weekday
92133,Andheri-Virar,Western,Up,Borivali,7,16:31,3,Slow,15,No,Weekday
92133,Andheri-Virar,Western,Up,Dahisar,8,16:36,1,Slow,15,No,Weekday
92133,Andheri-Virar,Western,Up,Mira Road,9,16:41,1,Slow,15,No,Weekday
92133,Andheri-Virar,Western,Up,Bhayandar,10,16:46,1,Slow,15,No,Weekday
92133,Andheri-Virar,Western,Up,Naigaon,11,16:52,1,Slow,15,No,Weekday
92133,Andheri-Virar,Western,Up,Vasai,12,16:57,2,Slow,15,No,Weekday
92133,Andheri-Virar,Western,Up,Nallasopara,13,17:02,1,Slow,15,No,Weekday
92133,Andheri-Virar,Western,Up,Virar,14,17:10,0,Slow,15,No,Weekday

92137,Andheri-Virar,Western,Up,Andheri,1,16:21,4,Slow,15,No,Weekday
92137,Andheri-Virar,Western,Up,Jogeshwari,2,16:25,1,Slow,15,No,Weekday
92137,Andheri-Virar,Western,Up,Ram Mandir,3,16:28,3,Slow,15,No,Weekday
92137,Andheri-Virar,Western,Up,Goregaon,4,16:30,3,Slow,15,No,Weekday
92137,Andheri-Virar,Western,Up,Malad,5,16:34,1,Slow,15,No,Weekday
92137,Andheri-Virar,Western,Up,Kandivali,6,16:37,1,Slow,15,No,Weekday
92137,Andheri-Virar,Western,Up,Borivali,7,16:43,3,Slow,15,No,Weekday
92137,Andheri-Virar,Western,Up,Dahisar,8,16:47,1,Slow,15,No,Weekday
92137,Andheri-Virar,Western,Up,Mira Road,9,16:52,1,Slow,15,No,Weekday
92137,Andheri-Virar,Western,Up,Bhayandar,10,16:57,1,Slow,15,No,Weekday
92137,Andheri-Virar,Western,Up,Naigaon,11,17:03,1,Slow,15,No,Weekday
92137,Andheri-Virar,Western,Up,Vasai,12,17:08,2,Slow,15,No,Weekday
92137,Andheri-Virar,Western,Up,Nallasopara,13,17:13,1,Slow,15,No,Weekday
92137,Andheri-Virar,Western,Up,Virar,14,17:20,0,Slow,15,No,Weekday

92145,Andheri-Virar,Western,Up,Andheri,1,16:56,9,Fast,15,No,Weekday
92145,Andheri-Virar,Western,Up,Borivali,2,17:13,5,Fast,15,No,Weekday
92145,Andheri-Virar,Western,Up,Dahisar,3,17:18,1,Fast,15,No,Weekday
92145,Andheri-Virar,Western,Up,Mira Road,4,17:23,1,Fast,15,No,Weekday
92145,Andheri-Virar,Western,Up,Bhayandar,5,17:28,1,Fast,15,No,Weekday
92145,Andheri-Virar,Western,Up,Naigaon,6,17:34,1,Fast,15,No,Weekday
92145,Andheri-Virar,Western,Up,Vasai,7,17:39,2,Fast,15,No,Weekday
92145,Andheri-Virar,Western,Up,Nallasopara,8,17:44,1,Fast,15,No,Weekday
92145,Andheri-Virar,Western,Up,Virar,9,17:53,0,Fast,15,No,Weekday

92141,Andheri-Virar,Western,Up,Andheri,1,16:58,4,Slow,12,No,Weekday
92141,Andheri-Virar,Western,Up,Jogeshwari,2,17:02,1,Slow,12,No,Weekday
92141,Andheri-Virar,Western,Up,Ram Mandir,3,17:05,3,Slow,12,No,Weekday
92141,Andheri-Virar,Western,Up,Goregaon,4,17:07,3,Slow,12,No,Weekday
92141,Andheri-Virar,Western,Up,Malad,5,17:11,1,Slow,12,No,Weekday
92141,Andheri-Virar,Western,Up,Kandivali,6,17:14,1,Slow,12,No,Weekday
92141,Andheri-Virar,Western,Up,Borivali,7,17:18,3,Slow,12,No,Weekday
92141,Andheri-Virar,Western,Up,Dahisar,8,17:22,1,Slow,12,No,Weekday
92141,Andheri-Virar,Western,Up,Mira Road,9,17:27,1,Slow,12,No,Weekday
92141,Andheri-Virar,Western,Up,Bhayandar,10,17:32,1,Slow,12,No,Weekday
92141,Andheri-Virar,Western,Up,Naigaon,11,17:38,1,Slow,12,No,Weekday
92141,Andheri-Virar,Western,Up,Vasai,12,17:43,2,Slow,12,No,Weekday
92141,Andheri-Virar,Western,Up,Nallasopara,13,17:48,1,Slow,12,No,Weekday
92141,Andheri-Virar,Western,Up,Virar,14,17:57,0,Slow,12,No,Weekday

90645,Andheri-Virar,Western,Up,Andheri,1,17:13,4,Slow,12,No,Weekday
90645,Andheri-Virar,Western,Up,Jogeshwari,2,17:17,1,Slow,12,No,Weekday
90645,Andheri-Virar,Western,Up,Ram Mandir,3,17:20,3,Slow,12,No,Weekday
90645,Andheri-Virar,Western,Up,Goregaon,4,17:22,3,Slow,12,No,Weekday
90645,Andheri-Virar,Western,Up,Malad,5,17:26,1,Slow,12,No,Weekday
90645,Andheri-Virar,Western,Up,Kandivali,6,17:29,1,Slow,12,No,Weekday
90645,Andheri-Virar,Western,Up,Borivali,7,17:34,3,Slow,12,No,Weekday
90645,Andheri-Virar,Western,Up,Dahisar,8,17:39,1,Slow,12,No,Weekday
90645,Andheri-Virar,Western,Up,Mira Road,9,17:44,1,Slow,12,No,Weekday
90645,Andheri-Virar,Western,Up,Bhayandar,10,17:49,1,Slow,12,No,Weekday
90645,Andheri-Virar,Western,Up,Naigaon,11,17:55,1,Slow,12,No,Weekday
90645,Andheri-Virar,Western,Up,Vasai,12,18:00,2,Slow,12,No,Weekday
90645,Andheri-Virar,Western,Up,Nallasopara,13,18:05,1,Slow,12,No,Weekday
90645,Andheri-Virar,Western,Up,Virar,14,18:15,0,Slow,12,No,Weekday

94069,Andheri-Virar,Western,Up,Andheri,1,17:25,8,Fast,12,Yes,Weekday
94069,Andheri-Virar,Western,Up,Borivali,2,17:40,6,Fast,12,Yes,Weekday
94069,Andheri-Virar,Western,Up,Dahisar,3,17:44,1,Fast,12,Yes,Weekday
94069,Andheri-Virar,Western,Up,Mira Road,4,17:49,1,Fast,12,Yes,Weekday
94069,Andheri-Virar,Western,Up,Bhayandar,5,17:54,1,Fast,12,Yes,Weekday
94069,Andheri-Virar,Western,Up,Naigaon,6,18:00,1,Fast,12,Yes,Weekday
94069,Andheri-Virar,Western,Up,Vasai,7,18:05,2,Fast,12,Yes,Weekday
94069,Andheri-Virar,Western,Up,Nalasopara,8,18:10,1,Fast,12,Yes,Weekday
94069,Andheri-Virar,Western,Up,Virar,9,18:18,3,Fast,12,Yes,Weekday

92155,Andheri-Virar,Western,Up,Andheri,1,17:47,4,Slow,15,No,Weekday
92155,Andheri-Virar,Western,Up,Jogeshwari,2,17:52,1,Slow,15,No,Weekday
92155,Andheri-Virar,Western,Up,Ram Mandir,3,17:55,3,Slow,15,No,Weekday
92155,Andheri-Virar,Western,Up,Goregaon,4,17:57,3,Slow,15,No,Weekday
92155,Andheri-Virar,Western,Up,Malad,5,18:02,1,Slow,15,No,Weekday
92155,Andheri-Virar,Western,Up,Kandivali,6,18:05,1,Slow,15,No,Weekday
92155,Andheri-Virar,Western,Up,Borivali,7,18:10,3,Slow,15,No,Weekday
92155,Andheri-Virar,Western,Up,Dahisar,8,18:15,1,Slow,15,No,Weekday
92155,Andheri-Virar,Western,Up,Mira Road,9,18:20,1,Slow,15,No,Weekday
92155,Andheri-Virar,Western,Up,Bhayandar,10,18:25,1,Slow,15,No,Weekday
92155,Andheri-Virar,Western,Up,Naigaon,11,18:31,1,Slow,15,No,Weekday
92155,Andheri-Virar,Western,Up,Vasai,12,18:36,2,Slow,15,No,Weekday
92155,Andheri-Virar,Western,Up,Nallasopara,13,18:41,1,Slow,15,No,Weekday
92155,Andheri-Virar,Western,Up,Virar,14,18:48,0,Slow,15,No,Weekday

92161,Andheri-Virar,Western,Up,Andheri,1,18:10,9,Fast,15,No,Weekday
92161,Andheri-Virar,Western,Up,Borivali,2,18:25,6,Fast,15,No,Weekday
92161,Andheri-Virar,Western,Up,Dahisar,3,18:29,3,Fast,15,No,Weekday
92161,Andheri-Virar,Western,Up,Mira Road,4,18:33,3,Fast,15,No,Weekday
92161,Andheri-Virar,Western,Up,Bhayandar,5,18:38,5,Fast,15,No,Weekday
92161,Andheri-Virar,Western,Up,Naigaon,6,18:43,3,Fast,15,No,Weekday
92161,Andheri-Virar,Western,Up,Vasai,7,18:47,4,Fast,15,No,Weekday
92161,Andheri-Virar,Western,Up,Nallasopara,8,18:52,3,Fast,15,No,Weekday
92161,Andheri-Virar,Western,Up,Virar,9,18:59,0,Fast,15,No,Weekday

92159,Andheri-Virar,Western,Up,Andheri,1,18:20,4,Slow,15,No,Weekday
92159,Andheri-Virar,Western,Up,Jogeshwari,2,18:25,1,Slow,15,No,Weekday
92159,Andheri-Virar,Western,Up,Ram Mandir,3,18:28,3,Slow,15,No,Weekday
92159,Andheri-Virar,Western,Up,Goregaon,4,18:30,3,Slow,15,No,Weekday
92159,Andheri-Virar,Western,Up,Malad,5,18:34,1,Slow,15,No,Weekday
92159,Andheri-Virar,Western,Up,Kandivali,6,18:37,1,Slow,15,No,Weekday
92159,Andheri-Virar,Western,Up,Borivali,7,18:43,3,Slow,15,No,Weekday
92159,Andheri-Virar,Western,Up,Dahisar,8,18:47,1,Slow,15,No,Weekday
92159,Andheri-Virar,Western,Up,Mira Road,9,18:52,1,Slow,15,No,Weekday
92159,Andheri-Virar,Western,Up,Bhayandar,10,18:57,1,Slow,15,No,Weekday
92159,Andheri-Virar,Western,Up,Naigaon,11,19:03,1,Slow,15,No,Weekday
92159,Andheri-Virar,Western,Up,Vasai,12,19:08,2,Slow,15,No,Weekday
92159,Andheri-Virar,Western,Up,Nallasopara,13,19:13,1,Slow,15,No,Weekday
92159,Andheri-Virar,Western,Up,Virar,14,19:20,0,Slow,15,No,Weekday

92165,Andheri-Virar,Western,Up,Andheri,1,18:27,8,Fast,15,No,Weekday
92165,Andheri-Virar,Western,Up,Borivali,2,18:44,8,Fast,15,No,Weekday
92165,Andheri-Virar,Western,Up,Bhayandar,3,18:57,5,Fast,15,No,Weekday
92165,Andheri-Virar,Western,Up,Vasai,4,19:06,4,Fast,15,No,Weekday
92165,Andheri-Virar,Western,Up,Virar,5,19:20,0,Fast,15,No,Weekday

97316,Thane-CSMT,Central,Down,Thane,1,06:28,3,Slow,12,No,Weekday
97316,Thane-CSMT,Central,Down,Mulund,2,06:32,2,Slow,12,No,Weekday
97316,Thane-CSMT,Central,Down,Nahur,3,06:35,2,Slow,12,No,Weekday
97316,Thane-CSMT,Central,Down,Bhandup,4,06:38,2,Slow,12,No,Weekday
97316,Thane-CSMT,Central,Down,Kanjur Marg,5,06:41,2,Slow,12,No,Weekday
97316,Thane-CSMT,Central,Down,Vikhroli,6,06:44,2,Slow,12,No,Weekday
97316,Thane-CSMT,Central,Down,Ghatkopar,7,06:48,2,Slow,12,No,Weekday
97316,Thane-CSMT,Central,Down,Vidyavihar,8,06:51,2,Slow,12,No,Weekday
97316,Thane-CSMT,Central,Down,Kurla,9,06:54,4,Slow,12,No,Weekday
97316,Thane-CSMT,Central,Down,Sion,10,06:58,2,Slow,12,No,Weekday
97316,Thane-CSMT,Central,Down,Matunga,11,07:01,2,Slow,12,No,Weekday
97316,Thane-CSMT,Central,Down,Dadar,12,07:05,9,Slow,12,No,Weekday
97316,Thane-CSMT,Central,Down,Parel,13,07:08,3,Slow,12,No,Weekday
97316,Thane-CSMT,Central,Down,Currey Road,14,07:11,2,Slow,12,No,Weekday
97316,Thane-CSMT,Central,Down,Chinchpokli,15,07:13,2,Slow,12,No,Weekday
97316,Thane-CSMT,Central,Down,Byculla,16,07:15,2,Slow,12,No,Weekday
97316,Thane-CSMT,Central,Down,Sandhurst Road,17,07:18,2,Slow,12,No,Weekday
97316,Thane-CSMT,Central,Down,Masjid,18,07:21,4,Slow,12,No,Weekday
97316,Thane-CSMT,Central,Down,CSMT,19,07:24,0,Slow,12,No,Weekday

97320,Thane-CSMT,Central,Down,Thane,1,07:04,3,Slow,12,Yes,Weekday
97320,Thane-CSMT,Central,Down,Mulund,2,07:08,2,Slow,12,Yes,Weekday
97320,Thane-CSMT,Central,Down,Nahur,3,07:11,2,Slow,12,Yes,Weekday
97320,Thane-CSMT,Central,Down,Bhandup,4,07:14,2,Slow,12,Yes,Weekday
97320,Thane-CSMT,Central,Down,Kanjur Marg,5,07:17,2,Slow,12,Yes,Weekday
97320,Thane-CSMT,Central,Down,Vikhroli,6,07:20,2,Slow,12,Yes,Weekday
97320,Thane-CSMT,Central,Down,Ghatkopar,7,07:24,2,Slow,12,Yes,Weekday
97320,Thane-CSMT,Central,Down,Vidyavihar,8,07:27,2,Slow,12,Yes,Weekday
97320,Thane-CSMT,Central,Down,Kurla,9,07:30,4,Slow,12,Yes,Weekday
97320,Thane-CSMT,Central,Down,Sion,10,07:34,2,Slow,12,Yes,Weekday
97320,Thane-CSMT,Central,Down,Matunga,11,07:37,2,Slow,12,Yes,Weekday
97320,Thane-CSMT,Central,Down,Dadar,12,07:41,9,Slow,12,Yes,Weekday
97320,Thane-CSMT,Central,Down,Parel,13,07:44,3,Slow,12,Yes,Weekday
97320,Thane-CSMT,Central,Down,Currey Road,14,07:47,2,Slow,12,Yes,Weekday
97320,Thane-CSMT,Central,Down,Chinchpokli,15,07:49,2,Slow,12,Yes,Weekday
97320,Thane-CSMT,Central,Down,Byculla,16,07:51,2,Slow,12,Yes,Weekday
97320,Thane-CSMT,Central,Down,Sandhurst Road,17,07:54,2,Slow,12,Yes,Weekday
97320,Thane-CSMT,Central,Down,Masjid,18,07:57,4,Slow,12,Yes,Weekday
97320,Thane-CSMT,Central,Down,CSMT,19,08:00,0,Slow,12,Yes,Weekday

98748,Goregaon-CSMT,Harbour,Down,Goregaon,1,14:59,2,Slow,12,No,Weekday
98748,Goregaon-CSMT,Harbour,Down,Ram Mandir,2,15:03,2,Slow,12,No,Weekday
98748,Goregaon-CSMT,Harbour,Down,Jogeshwari,3,15:06,6,Slow,12,No,Weekday
98748,Goregaon-CSMT,Harbour,Down,Andheri,4,15:10,2,Slow,12,No,Weekday
98748,Goregaon-CSMT,Harbour,Down,Vile Parle,5,15:14,2,Slow,12,No,Weekday
98748,Goregaon-CSMT,Harbour,Down,Santa Cruz,6,15:17,2,Slow,12,No,Weekday
98748,Goregaon-CSMT,Harbour,Down,Khar Road,7,15:20,2,Slow,12,No,Weekday
98748,Goregaon-CSMT,Harbour,Down,Bandra,8,15:24,7,Slow,12,No,Weekday
98748,Goregaon-CSMT,Harbour,Down,Mahim Jn,9,15:27,6,Slow,12,No,Weekday
98748,Goregaon-CSMT,Harbour,Down,Kings Circle,10,15:30,2,Slow,12,No,Weekday
98748,Goregaon-CSMT,Harbour,Down,Vadala Road,11,15:36,3,Slow,12,No,Weekday
98748,Goregaon-CSMT,Harbour,Down,Sewri,12,15:39,2,Slow,12,No,Weekday
98748,Goregaon-CSMT,Harbour,Down,Cotton Green,13,15:42,2,Slow,12,No,Weekday
98748,Goregaon-CSMT,Harbour,Down,Reay Road,14,15:44,2,Slow,12,No,Weekday
98748,Goregaon-CSMT,Harbour,Down,Dockyard Road,15,15:47,2,Slow,12,No,Weekday
98748,Goregaon-CSMT,Harbour,Down,Sandhurst Road,16,15:49,4,Slow,12,No,Weekday
98748,Goregaon-CSMT,Harbour,Down,Masjid,17,15:51,2,Slow,12,No,Weekday
98748,Goregaon-CSMT,Harbour,Down,CSMT,18,15:54,0,Slow,12,No,Weekday